{
  "$schema": "https://raw.githubusercontent.com/spdx/spdx-spec/v2.2.1/schemas/spdx-schema.json",
  "spdxVersion": "SPDX-2.2",
  "dataLicense": "CC0-1.0",
  "SPDXID": "SPDXRef-DOCUMENT",
  "documentNamespace": "https://spdx.org/spdxdocs/curl-x64-windows-8.6.0-28899941-4605-43bd-95a5-1628d2fa83c3",
  "name": "curl:x64-windows@8.6.0 e78044af08c4a0e327feedde125a31cf67184c14ece82a16f53a279e7cdf1a28",
  "creationInfo": {
    "creators": [
      "Tool: vcpkg-8a83681f921b10d86ae626fd833c253f4f8c355b"
    ],
    "created": "2024-02-22T06:49:47Z"
  },
  "relationships": [
    {
      "spdxElementId": "SPDXRef-port",
      "relationshipType": "GENERATES",
      "relatedSpdxElement": "SPDXRef-binary"
    },
    {
      "spdxElementId": "SPDXRef-port",
      "relationshipType": "CONTAINS",
      "relatedSpdxElement": "SPDXRef-file-0"
    },
    {
      "spdxElementId": "SPDXRef-port",
      "relationshipType": "CONTAINS",
      "relatedSpdxElement": "SPDXRef-file-1"
    },
    {
      "spdxElementId": "SPDXRef-port",
      "relationshipType": "CONTAINS",
      "relatedSpdxElement": "SPDXRef-file-2"
    },
    {
      "spdxElementId": "SPDXRef-port",
      "relationshipType": "CONTAINS",
      "relatedSpdxElement": "SPDXRef-file-3"
    },
    {
      "spdxElementId": "SPDXRef-port",
      "relationshipType": "CONTAINS",
      "relatedSpdxElement": "SPDXRef-file-4"
    },
    {
      "spdxElementId": "SPDXRef-port",
      "relationshipType": "CONTAINS",
      "relatedSpdxElement": "SPDXRef-file-5"
    },
    {
      "spdxElementId": "SPDXRef-port",
      "relationshipType": "CONTAINS",
      "relatedSpdxElement": "SPDXRef-file-6"
    },
    {
      "spdxElementId": "SPDXRef-port",
      "relationshipType": "CONTAINS",
      "relatedSpdxElement": "SPDXRef-file-7"
    },
    {
      "spdxElementId": "SPDXRef-port",
      "relationshipType": "CONTAINS",
      "relatedSpdxElement": "SPDXRef-file-8"
    },
    {
      "spdxElementId": "SPDXRef-port",
      "relationshipType": "CONTAINS",
      "relatedSpdxElement": "SPDXRef-file-9"
    },
    {
      "spdxElementId": "SPDXRef-port",
      "relationshipType": "CONTAINS",
      "relatedSpdxElement": "SPDXRef-file-10"
    },
    {
      "spdxElementId": "SPDXRef-port",
      "relationshipType": "CONTAINS",
      "relatedSpdxElement": "SPDXRef-file-11"
    },
    {
      "spdxElementId": "SPDXRef-port",
      "relationshipType": "CONTAINS",
      "relatedSpdxElement": "SPDXRef-file-12"
    },
    {
      "spdxElementId": "SPDXRef-port",
      "relationshipType": "CONTAINS",
      "relatedSpdxElement": "SPDXRef-file-13"
    },
    {
      "spdxElementId": "SPDXRef-binary",
      "relationshipType": "GENERATED_FROM",
      "relatedSpdxElement": "SPDXRef-port"
    },
    {
      "spdxElementId": "SPDXRef-file-0",
      "relationshipType": "CONTAINED_BY",
      "relatedSpdxElement": "SPDXRef-port"
    },
    {
      "spdxElementId": "SPDXRef-file-1",
      "relationshipType": "CONTAINED_BY",
      "relatedSpdxElement": "SPDXRef-port"
    },
    {
      "spdxElementId": "SPDXRef-file-2",
      "relationshipType": "CONTAINED_BY",
      "relatedSpdxElement": "SPDXRef-port"
    },
    {
      "spdxElementId": "SPDXRef-file-3",
      "relationshipType": "CONTAINED_BY",
      "relatedSpdxElement": "SPDXRef-port"
    },
    {
      "spdxElementId": "SPDXRef-file-4",
      "relationshipType": "CONTAINED_BY",
      "relatedSpdxElement": "SPDXRef-port"
    },
    {
      "spdxElementId": "SPDXRef-file-5",
      "relationshipType": "CONTAINED_BY",
      "relatedSpdxElement": "SPDXRef-port"
    },
    {
      "spdxElementId": "SPDXRef-file-6",
      "relationshipType": "CONTAINED_BY",
      "relatedSpdxElement": "SPDXRef-port"
    },
    {
      "spdxElementId": "SPDXRef-file-7",
      "relationshipType": "CONTAINED_BY",
      "relatedSpdxElement": "SPDXRef-port"
    },
    {
      "spdxElementId": "SPDXRef-file-8",
      "relationshipType": "CONTAINED_BY",
      "relatedSpdxElement": "SPDXRef-port"
    },
    {
      "spdxElementId": "SPDXRef-file-9",
      "relationshipType": "CONTAINED_BY",
      "relatedSpdxElement": "SPDXRef-port"
    },
    {
      "spdxElementId": "SPDXRef-file-10",
      "relationshipType": "CONTAINED_BY",
      "relatedSpdxElement": "SPDXRef-port"
    },
    {
      "spdxElementId": "SPDXRef-file-11",
      "relationshipType": "CONTAINED_BY",
      "relatedSpdxElement": "SPDXRef-port"
    },
    {
      "spdxElementId": "SPDXRef-file-12",
      "relationshipType": "CONTAINED_BY",
      "relatedSpdxElement": "SPDXRef-port"
    },
    {
      "spdxElementId": "SPDXRef-file-13",
      "relationshipType": "CONTAINED_BY",
      "relatedSpdxElement": "SPDXRef-port"
    }
  ],
  "packages": [
    {
      "name": "curl",
      "SPDXID": "SPDXRef-port",
      "versionInfo": "8.6.0",
      "downloadLocation": "git+https://github.com/Microsoft/vcpkg#ports/curl",
      "homepage": "https://curl.se/",
      "licenseConcluded": "curl AND ISC AND BSD-3-Clause",
      "licenseDeclared": "NOASSERTION",
      "copyrightText": "NOASSERTION",
      "description": "A library for transferring data with URLs",
      "comment": "This is the port (recipe) consumed by vcpkg."
    },
    {
      "name": "curl:x64-windows",
      "SPDXID": "SPDXRef-binary",
      "versionInfo": "e78044af08c4a0e327feedde125a31cf67184c14ece82a16f53a279e7cdf1a28",
      "downloadLocation": "NONE",
      "licenseConcluded": "curl AND ISC AND BSD-3-Clause",
      "licenseDeclared": "NOASSERTION",
      "copyrightText": "NOASSERTION",
      "comment": "This is a binary package built by vcpkg."
    },
    {
      "SPDXID": "SPDXRef-resource-1",
      "name": "curl/curl",
      "downloadLocation": "git+https://github.com/curl/curl@${curl_version}",
      "licenseConcluded": "NOASSERTION",
      "licenseDeclared": "NOASSERTION",
      "copyrightText": "NOASSERTION",
      "checksums": [
        {
          "algorithm": "SHA512",
          "checksumValue": "ee9f6c3b5468ab547fc20822c18756a625f9f741e3d40958548a56b607f567f4ed782b8cce2d900c442e0da51faa8cb1fefa5d9f2d1581c79805a5b8fd4ec098"
        }
      ]
    }
  ],
  "files": [
    {
      "fileName": "./D:/vcpkg/ports/curl/0002_fix_uwp.patch",
      "SPDXID": "SPDXRef-file-0",
      "checksums": [
        {
          "algorithm": "SHA256",
          "checksumValue": "7d57f6dbadbbff907937c57d315bae283336e410033fd6829f174a19f8ec7939"
        }
      ],
      "licenseConcluded": "NOASSERTION",
      "copyrightText": "NOASSERTION"
    },
    {
      "fileName": "./D:/vcpkg/ports/curl/0005_remove_imp_suffix.patch",
      "SPDXID": "SPDXRef-file-1",
      "checksums": [
        {
          "algorithm": "SHA256",
          "checksumValue": "a4e4a1c608c2d7e8151f8ec18c3ab21c6dc2c5db4a0ce9fd764c3e3abdf576df"
        }
      ],
      "licenseConcluded": "NOASSERTION",
      "copyrightText": "NOASSERTION"
    },
    {
      "fileName": "./D:/vcpkg/ports/curl/0012-fix-dependency-idn2.patch",
      "SPDXID": "SPDXRef-file-2",
      "checksums": [
        {
          "algorithm": "SHA256",
          "checksumValue": "0f83cc5e7f5087d2336f8d372884ca994c7c6a7038f5c2caf972c7a54fd680af"
        }
      ],
      "licenseConcluded": "NOASSERTION",
      "copyrightText": "NOASSERTION"
    },
    {
      "fileName": "./D:/vcpkg/ports/curl/0020-fix-pc-file.patch",
      "SPDXID": "SPDXRef-file-3",
      "checksums": [
        {
          "algorithm": "SHA256",
          "checksumValue": "ff51c66cf495d72cf91a8fc644b40651c7198e1a3e4631d56bcaa343e368dada"
        }
      ],
      "licenseConcluded": "NOASSERTION",
      "copyrightText": "NOASSERTION"
    },
    {
      "fileName": "./D:/vcpkg/ports/curl/0022-deduplicate-libs.patch",
      "SPDXID": "SPDXRef-file-4",
      "checksums": [
        {
          "algorithm": "SHA256",
          "checksumValue": "d62bdc613765024b7aad193bc080123a0d34c063825dfd9eba164ead3d4020c0"
        }
      ],
      "licenseConcluded": "NOASSERTION",
      "copyrightText": "NOASSERTION"
    },
    {
      "fileName": "./D:/vcpkg/ports/curl/cmake-config.patch",
      "SPDXID": "SPDXRef-file-5",
      "checksums": [
        {
          "algorithm": "SHA256",
          "checksumValue": "38892efe530ee792cb481d3ff23d59a734d96976a23524da9f15786583d54f12"
        }
      ],
      "licenseConcluded": "NOASSERTION",
      "copyrightText": "NOASSERTION"
    },
    {
      "fileName": "./D:/vcpkg/ports/curl/cmake-project-include.cmake",
      "SPDXID": "SPDXRef-file-6",
      "checksums": [
        {
          "algorithm": "SHA256",
          "checksumValue": "f8b8b2da0830e92bc4fbb8fb7deff773a2beb590082e4cca98f41052c37df2ec"
        }
      ],
      "licenseConcluded": "NOASSERTION",
      "copyrightText": "NOASSERTION"
    },
    {
      "fileName": "./D:/vcpkg/ports/curl/dependencies.patch",
      "SPDXID": "SPDXRef-file-7",
      "checksums": [
        {
          "algorithm": "SHA256",
          "checksumValue": "5bcf78c137f0151382dcaaf9fd2d507a6d9d45d90eb3fb8e540634ee6aeaa247"
        }
      ],
      "licenseConcluded": "NOASSERTION",
      "copyrightText": "NOASSERTION"
    },
    {
      "fileName": "./D:/vcpkg/ports/curl/export-components.patch",
      "SPDXID": "SPDXRef-file-8",
      "checksums": [
        {
          "algorithm": "SHA256",
          "checksumValue": "cc874355994c69abcbb2cdf4ada4b6c32df694680853a857b4aa0775df7ddc2e"
        }
      ],
      "licenseConcluded": "NOASSERTION",
      "copyrightText": "NOASSERTION"
    },
    {
      "fileName": "./D:/vcpkg/ports/curl/mbedtls-ws2_32.patch",
      "SPDXID": "SPDXRef-file-9",
      "checksums": [
        {
          "algorithm": "SHA256",
          "checksumValue": "07d7c1096ec64dc2f0b9ad893549d4031d606a72da37f566360dd1aa89039f8d"
        }
      ],
      "licenseConcluded": "NOASSERTION",
      "copyrightText": "NOASSERTION"
    },
    {
      "fileName": "./D:/vcpkg/ports/curl/portfile.cmake",
      "SPDXID": "SPDXRef-file-10",
      "checksums": [
        {
          "algorithm": "SHA256",
          "checksumValue": "7c5b569be90fb199cafa6a5668b96c68b8959241b7ec252595fe0d647baefd15"
        }
      ],
      "licenseConcluded": "NOASSERTION",
      "copyrightText": "NOASSERTION"
    },
    {
      "fileName": "./D:/vcpkg/ports/curl/usage",
      "SPDXID": "SPDXRef-file-11",
      "checksums": [
        {
          "algorithm": "SHA256",
          "checksumValue": "01f406a1f4a9845db86ed51f530d4373189cba9d29369e510e68f30073c1293c"
        }
      ],
      "licenseConcluded": "NOASSERTION",
      "copyrightText": "NOASSERTION"
    },
    {
      "fileName": "./D:/vcpkg/ports/curl/vcpkg-cmake-wrapper.cmake",
      "SPDXID": "SPDXRef-file-12",
      "checksums": [
        {
          "algorithm": "SHA256",
          "checksumValue": "583cfe42995ce7f3aafb8cde13d4a97dc1de9ee5eb8bcb53da26859c944a1f92"
        }
      ],
      "licenseConcluded": "NOASSERTION",
      "copyrightText": "NOASSERTION"
    },
    {
      "fileName": "./D:/vcpkg/ports/curl/vcpkg.json",
      "SPDXID": "SPDXRef-file-13",
      "checksums": [
        {
          "algorithm": "SHA256",
          "checksumValue": "7162b961fbaac07337a2920b440263fab61b187d67c8c04f743b9adfebde692d"
        }
      ],
      "licenseConcluded": "NOASSERTION",
      "copyrightText": "NOASSERTION"
    }
  ]
}
